Year,Economic activity,Gender,Economically active population,Monthly average wage,Paid employment workers,Sector GDP,Bachelors,Diploma,Master,Doctorate,Pre-University Diploma
2011,"Agriculture, forestry and fishing",F,46,2765,46,590.0,0.0,0.0,0.0,0.0,0.0
2011,Mining and quarrying,F,2487,18237,2441,359227.0,0.0,0.0,0.0,0.0,0.0
2011,Manufacturing,F,600,10217,600,57789.0,0.0,0.0,0.0,0.0,0.0
2011,"Electricity, gas, steam and air conditioning supply",F,390,13807,390,795.0,0.0,0.0,0.0,0.0,0.0
2011,"Water supply; sewerage, waste management and remediation activities",F,0,0,0,795.0,0.0,0.0,0.0,0.0,0.0
2011,Construction,F,2851,10745,2836,28515.0,0.0,0.0,0.0,0.0,0.0
2011,Wholesale and retail trade; repair of motor vehicles and motorcycles,F,5407,7738,5121,32184.0,0.0,0.0,0.0,0.0,0.0
2011,Transportation and storage,F,3956,8716,3910,14043.0,0.0,0.0,0.0,0.0,0.0
2011,Accommodation and food service activities,F,2564,6602,2548,3926.0,0.0,0.0,0.0,0.0,0.0
2011,Information and communication,F,1873,13540,1873,7370.0,0.0,0.0,0.0,0.0,0.0
2011,Financial and insurance activities,F,2754,13516,2689,33993.0,0.0,0.0,0.0,0.0,0.0
2011,Real estate activities,F,432,12208,416,23564.0,0.0,0.0,0.0,0.0,0.0
2011,"Professional, scientific and technical activities",F,1367,10562,1284,6404.0,78.0,0.0,0.0,0.0,0.0
2011,Administrative and support service activities,F,2540,7798,2444,6404.0,166.0,0.0,20.0,0.0,0.0
2011,Public administration and defence; compulsory social security,F,13745,14417,13648,26580.0,113.0,0.0,0.0,0.0,0.0
2011,Education,F,16607,12958,16338,6791.0,42.0,17.0,6.0,0.0,0.0
2011,Human health and social work activities,F,10562,13176,10530,6209.0,18.0,0.0,0.0,0.0,0.0
2011,"Arts, entertainment and recreation",F,758,13657,742,2459.5,392.0,0.0,0.0,0.0,0.0
2011,Other service activities,F,316,10745,316,2459.5,0.0,0.0,0.0,0.0,0.0
2011,Activities of households as employers; undifferentiated goods- and services-producing activities of households for own use,F,83792,2409,83792,2012.0,0.0,0.0,0.0,0.0,0.0
2011,"Agriculture, forestry and fishing",M,17241,3153,17047,590.0,0.0,0.0,0.0,0.0,0.0
2011,Mining and quarrying,M,79422,15110,79367,359227.0,0.0,0.0,0.0,0.0,0.0
2011,Manufacturing,M,100404,6537,99841,57789.0,0.0,0.0,0.0,0.0,0.0
2011,"Electricity, gas, steam and air conditioning supply",M,5041,18975,5026,795.0,0.0,0.0,0.0,0.0,0.0
2011,"Water supply; sewerage, waste management and remediation activities",M,1184,11529,1138,795.0,0.0,0.0,0.0,0.0,0.0
2011,Construction,M,494780,4659,492783,28515.0,0.0,0.0,0.0,0.0,0.0
2011,Wholesale and retail trade; repair of motor vehicles and motorcycles,M,136581,5329,134581,32184.0,0.0,0.0,0.0,0.0,0.0
2011,Transportation and storage,M,29003,7389,28509,14043.0,0.0,0.0,0.0,0.0,0.0
2011,Accommodation and food service activities,M,27805,4669,27788,3926.0,0.0,0.0,0.0,0.0,0.0
2011,Information and communication,M,8051,16648,8051,7370.0,0.0,0.0,0.0,0.0,0.0
2011,Financial and insurance activities,M,7893,17882,7845,33993.0,0.0,0.0,0.0,0.0,0.0
2011,Real estate activities,M,8656,10682,8562,23564.0,0.0,0.0,0.0,0.0,0.0
2011,"Professional, scientific and technical activities",M,22754,7928,22447,6404.0,66.0,0.0,0.0,0.0,0.0
2011,Administrative and support service activities,M,37878,6640,37629,6404.0,65.0,0.0,16.0,0.0,0.0
2011,Public administration and defence; compulsory social security,M,62763,16386,62606,26580.0,39.0,0.0,0.0,0.0,0.0
2011,Education,M,10640,15539,10594,6791.0,13.0,11.0,1.0,0.0,0.0
2011,Human health and social work activities,M,10625,16536,10547,6209.0,0.0,0.0,0.0,0.0,0.0
2011,"Arts, entertainment and recreation",M,3899,14089,3883,2459.5,38.0,0.0,0.0,0.0,0.0
2011,Other service activities,M,4018,6129,4003,2459.5,0.0,0.0,0.0,0.0,0.0
2011,Activities of households as employers; undifferentiated goods- and services-producing activities of households for own use,M,47815,2403,47815,2012.0,0.0,0.0,0.0,0.0,0.0
2012,"Agriculture, forestry and fishing",F,55,2955,55,641.0,0.0,0.0,0.0,0.0,0.0
2012,Mining and quarrying,F,3102,23838,3102,394697.0,0.0,0.0,0.0,0.0,0.0
2012,Manufacturing,F,691,12585,659,71571.0,0.0,0.0,0.0,0.0,0.0
2012,"Electricity, gas, steam and air conditioning supply",F,479,14824,479,1215.0,0.0,0.0,0.0,0.0,0.0
2012,"Water supply; sewerage, waste management and remediation activities",F,38,16278,38,1215.0,0.0,0.0,0.0,0.0,0.0
2012,Construction,F,2930,11990,2911,30947.0,0.0,0.0,0.0,0.0,0.0
2012,Wholesale and retail trade; repair of motor vehicles and motorcycles,F,5523,7752,5239,35757.0,0.0,0.0,0.0,0.0,0.0
2012,Transportation and storage,F,5338,14968,5338,14365.0,0.0,0.0,0.0,0.0,0.0
2012,Accommodation and food service activities,F,2990,8597,2990,4571.0,0.0,0.0,0.0,0.0,0.0
2012,Information and communication,F,2783,17638,2783,7637.0,0.0,0.0,4.0,0.0,0.0
2012,Financial and insurance activities,F,3209,18049,3178,36615.0,185.0,0.0,8.0,0.0,0.0
2012,Real estate activities,F,369,16904,350,24535.0,0.0,0.0,0.0,0.0,0.0
2012,"Professional, scientific and technical activities",F,1583,11752,1501,7153.0,101.0,0.0,0.0,0.0,0.0
2012,Administrative and support service activities,F,2390,11556,2298,7153.0,0.0,0.0,0.0,0.0,0.0
2012,Public administration and defence; compulsory social security,F,13805,19864,13785,32152.0,15.0,0.0,0.0,0.0,0.0
2012,Education,F,18515,17268,18193,7988.0,132.0,14.0,12.0,0.0,0.0
2012,Human health and social work activities,F,11796,17131,11649,7531.0,14.0,0.0,0.0,9.0,0.0
2012,"Arts, entertainment and recreation",F,752,19364,752,2963.5,338.0,0.0,0.0,0.0,0.0
2012,Other service activities,F,680,8793,680,2963.5,0.0,0.0,0.0,0.0,0.0
2012,Activities of households as employers; undifferentiated goods- and services-producing activities of households for own use,F,90361,2425,90361,2321.0,0.0,0.0,0.0,0.0,0.0
2012,"Agriculture, forestry and fishing",M,18107,4411,17959,641.0,0.0,0.0,0.0,0.0,0.0
2012,Mining and quarrying,M,80009,18431,79963,394697.0,0.0,0.0,0.0,0.0,0.0
2012,Manufacturing,M,102115,6536,101852,71571.0,0.0,0.0,0.0,0.0,0.0
2012,"Electricity, gas, steam and air conditioning supply",M,7186,18666,7186,1215.0,0.0,0.0,0.0,0.0,0.0
2012,"Water supply; sewerage, waste management and remediation activities",M,1258,13194,1233,1215.0,0.0,0.0,0.0,0.0,0.0
2012,Construction,M,496334,3879,494056,30947.0,0.0,0.0,0.0,0.0,0.0
2012,Wholesale and retail trade; repair of motor vehicles and motorcycles,M,163836,6451,161783,35757.0,0.0,0.0,0.0,0.0,0.0
2012,Transportation and storage,M,32937,11412,32394,14365.0,0.0,0.0,0.0,0.0,0.0
2012,Accommodation and food service activities,M,29215,6025,29094,4571.0,0.0,0.0,0.0,0.0,0.0
2012,Information and communication,M,8675,18749,8634,7637.0,0.0,0.0,1.0,0.0,0.0
2012,Financial and insurance activities,M,8249,20239,8099,36615.0,64.0,0.0,8.0,0.0,0.0
2012,Real estate activities,M,8965,13675,8743,24535.0,0.0,0.0,0.0,0.0,0.0
2012,"Professional, scientific and technical activities",M,23950,7477,23469,7153.0,89.0,0.0,1.0,0.0,0.0
2012,Administrative and support service activities,M,39057,5367,38936,7153.0,0.0,0.0,0.0,0.0,0.0
2012,Public administration and defence; compulsory social security,M,67735,23597,67634,32152.0,14.0,0.0,0.0,0.0,0.0
2012,Education,M,11894,17438,11894,7988.0,24.0,5.0,2.0,0.0,0.0
2012,Human health and social work activities,M,11714,16978,11644,7531.0,0.0,0.0,0.0,0.0,0.0
2012,"Arts, entertainment and recreation",M,7012,12131,6994,2963.5,41.0,0.0,0.0,0.0,0.0
2012,Other service activities,M,4333,5934,4295,2963.5,0.0,0.0,0.0,0.0,0.0
2012,Activities of households as employers; undifferentiated goods- and services-producing activities of households for own use,M,49543,2233,49543,2321.0,0.0,0.0,0.0,0.0,0.0
2013,"Agriculture, forestry and fishing",F,0,0,0,695.0,0.0,0.0,0.0,0.0,0.0
2013,Mining and quarrying,F,3231,23787,3231,403031.0,0.0,0.0,0.0,0.0,0.0
2013,Manufacturing,F,992,14515,935,73820.0,0.0,0.0,0.0,0.0,0.0
2013,"Electricity, gas, steam and air conditioning supply",F,706,18329,706,1497.0,0.0,0.0,0.0,0.0,0.0
2013,"Water supply; sewerage, waste management and remediation activities",F,187,15937,187,1497.0,0.0,0.0,0.0,0.0,0.0
2013,Construction,F,3338,16106,3308,39305.0,0.0,0.0,0.0,0.0,0.0
2013,Wholesale and retail trade; repair of motor vehicles and motorcycles,F,7106,9650,6826,42570.0,0.0,0.0,0.0,0.0,0.0
2013,Transportation and storage,F,6267,15162,6251,14817.0,0.0,0.0,0.0,0.0,0.0
2013,Accommodation and food service activities,F,3695,9270,3695,5261.0,0.0,0.0,0.0,0.0,0.0
2013,Information and communication,F,3167,17974,3167,8136.0,0.0,0.0,2.0,0.0,0.0
2013,Financial and insurance activities,F,3780,18846,3705,38741.0,125.0,0.0,7.0,0.0,0.0
2013,Real estate activities,F,525,17761,502,28594.0,0.0,0.0,0.0,0.0,0.0
2013,"Professional, scientific and technical activities",F,1787,14632,1772,8125.5,93.0,0.0,3.0,0.0,0.0
2013,Administrative and support service activities,F,3984,8889,3894,8125.5,0.0,0.0,0.0,0.0,0.0
2013,Public administration and defence; compulsory social security,F,15036,20697,15036,37243.0,0.0,0.0,0.0,0.0,0.0
2013,Education,F,26267,19840,26042,9426.0,271.0,102.0,3.0,0.0,0.0
2013,Human health and social work activities,F,14906,17695,14876,8669.0,0.0,0.0,0.0,1.0,0.0
2013,"Arts, entertainment and recreation",F,1286,19199,1286,3458.0,0.0,0.0,0.0,0.0,0.0
2013,Other service activities,F,1105,11385,1105,3458.0,0.0,0.0,0.0,0.0,0.0
2013,Activities of households as employers; undifferentiated goods- and services-producing activities of households for own use,F,95631,2589,95631,2720.0,0.0,0.0,0.0,0.0,0.0
2013,"Agriculture, forestry and fishing",M,21207,5020,21076,695.0,0.0,0.0,0.0,0.0,0.0
2013,Mining and quarrying,M,92177,21789,92114,403031.0,0.0,0.0,0.0,0.0,0.0
2013,Manufacturing,M,118460,7479,118163,73820.0,0.0,0.0,0.0,0.0,0.0
2013,"Electricity, gas, steam and air conditioning supply",M,8056,20550,8056,1497.0,0.0,0.0,0.0,0.0,0.0
2013,"Water supply; sewerage, waste management and remediation activities",M,2631,14891,2631,1497.0,0.0,0.0,0.0,0.0,0.0
2013,Construction,M,565338,4693,562864,39305.0,0.0,0.0,1.0,0.0,0.0
2013,Wholesale and retail trade; repair of motor vehicles and motorcycles,M,186978,7577,184765,42570.0,0.0,0.0,0.0,0.0,0.0
2013,Transportation and storage,M,38671,11912,38123,14817.0,0.0,0.0,0.0,0.0,0.0
2013,Accommodation and food service activities,M,35213,8536,35135,5261.0,0.0,0.0,0.0,0.0,0.0
2013,Information and communication,M,9380,20909,9380,8136.0,0.0,0.0,0.0,0.0,0.0
2013,Financial and insurance activities,M,8695,22212,8575,38741.0,27.0,0.0,0.0,0.0,0.0
2013,Real estate activities,M,9910,15044,9666,28594.0,0.0,0.0,0.0,0.0,0.0
2013,"Professional, scientific and technical activities",M,26772,9524,26274,8125.5,21.0,0.0,0.0,0.0,0.0
2013,Administrative and support service activities,M,43952,7217,43895,8125.5,0.0,0.0,0.0,0.0,0.0
2013,Public administration and defence; compulsory social security,M,80736,25123,80656,37243.0,0.0,0.0,0.0,0.0,0.0
2013,Education,M,13423,19401,13423,9426.0,16.0,35.0,0.0,0.0,0.0
2013,Human health and social work activities,M,12937,17561,12832,8669.0,0.0,0.0,0.0,0.0,0.0
2013,"Arts, entertainment and recreation",M,7790,11357,7790,3458.0,0.0,0.0,0.0,0.0,0.0
2013,Other service activities,M,5877,7371,5826,3458.0,0.0,0.0,0.0,0.0,0.0
2013,Activities of households as employers; undifferentiated goods- and services-producing activities of households for own use,M,56381,2458,56381,2720.0,0.0,0.0,0.0,0.0,0.0
2014,"Agriculture, forestry and fishing",F,0,0,0,880.0,0.0,0.0,0.0,0.0,0.0
2014,Mining and quarrying,F,5246,24829,5246,394190.0,0.0,0.0,0.0,0.0,0.0
2014,Manufacturing,F,1907,15381,1773,76133.0,0.0,0.0,0.0,0.0,0.0
2014,"Electricity, gas, steam and air conditioning supply",F,883,18467,883,1645.0,0.0,0.0,0.0,0.0,0.0
2014,"Water supply; sewerage, waste management and remediation activities",F,549,16950,549,1645.0,0.0,0.0,0.0,0.0,0.0
2014,Construction,F,4389,16414,4365,50031.0,0.0,0.0,0.0,0.0,0.0
2014,Wholesale and retail trade; repair of motor vehicles and motorcycles,F,7380,10629,7098,47746.0,0.0,0.0,0.0,0.0,0.0
2014,Transportation and storage,F,9172,16228,9122,15967.0,0.0,0.0,0.0,0.0,0.0
2014,Accommodation and food service activities,F,4002,12294,4002,6284.0,0.0,0.0,0.0,0.0,0.0
2014,Information and communication,F,3226,19173,3226,9124.0,0.0,0.0,0.0,0.0,0.0
2014,Financial and insurance activities,F,3887,20029,3838,44047.0,210.0,0.0,13.0,0.0,0.0
2014,Real estate activities,F,631,19407,603,34244.0,0.0,0.0,0.0,0.0,0.0
2014,"Professional, scientific and technical activities",F,1632,16883,1617,8654.5,116.0,0.0,0.0,0.0,0.0
2014,Administrative and support service activities,F,4094,12016,4000,8654.5,0.0,0.0,0.0,0.0,0.0
2014,Public administration and defence; compulsory social security,F,15592,21323,15592,40817.0,64.0,0.0,4.0,0.0,0.0
2014,Education,F,26379,19808,26157,10327.0,94.0,92.0,9.0,0.0,0.0
2014,Human health and social work activities,F,14971,17864,14936,9813.0,23.0,0.0,6.0,7.0,0.0
2014,"Arts, entertainment and recreation",F,1336,21818,1336,3847.0,347.0,0.0,0.0,0.0,0.0
2014,Other service activities,F,1347,11151,1347,3847.0,0.0,0.0,0.0,0.0,0.0
2014,Activities of households as employers; undifferentiated goods- and services-producing activities of households for own use,F,97202,2807,97202,3225.0,0.0,0.0,0.0,0.0,0.0
2014,"Agriculture, forestry and fishing",M,23123,5012,22980,880.0,0.0,0.0,0.0,0.0,0.0
2014,Mining and quarrying,M,94174,23326,94027,394190.0,0.0,0.0,0.0,0.0,0.0
2014,Manufacturing,M,132664,7925,132265,76133.0,0.0,0.0,0.0,0.0,0.0
2014,"Electricity, gas, steam and air conditioning supply",M,19648,19056,19635,1645.0,0.0,0.0,0.0,0.0,0.0
2014,"Water supply; sewerage, waste management and remediation activities",M,13147,11965,13147,1645.0,0.0,0.0,0.0,0.0,0.0
2014,Construction,M,631867,5877,629458,50031.0,0.0,0.0,0.0,0.0,0.0
2014,Wholesale and retail trade; repair of motor vehicles and motorcycles,M,190199,8328,187604,47746.0,0.0,0.0,0.0,0.0,0.0
2014,Transportation and storage,M,45684,12344,45020,15967.0,0.0,0.0,0.0,0.0,0.0
2014,Accommodation and food service activities,M,38377,8939,38296,6284.0,0.0,0.0,0.0,0.0,0.0
2014,Information and communication,M,9892,22356,9892,9124.0,0.0,0.0,4.0,0.0,0.0
2014,Financial and insurance activities,M,9085,23363,8959,44047.0,65.0,0.0,7.0,0.0,0.0
2014,Real estate activities,M,11119,14556,10875,34244.0,0.0,0.0,0.0,0.0,0.0
2014,"Professional, scientific and technical activities",M,26896,11367,26358,8654.5,76.0,0.0,0.0,0.0,0.0
2014,Administrative and support service activities,M,44784,7626,44772,8654.5,0.0,0.0,0.0,0.0,0.0
2014,Public administration and defence; compulsory social security,M,82455,25786,82335,40817.0,26.0,0.0,0.0,0.0,0.0
2014,Education,M,15234,20989,15234,10327.0,18.0,34.0,4.0,0.0,0.0
2014,Human health and social work activities,M,13284,19489,13209,9813.0,0.0,0.0,0.0,0.0,0.0
2014,"Arts, entertainment and recreation",M,12403,15187,12403,3847.0,19.0,0.0,0.0,0.0,0.0
2014,Other service activities,M,9465,8379,9384,3847.0,0.0,0.0,0.0,0.0,0.0
2014,Activities of households as employers; undifferentiated goods- and services-producing activities of households for own use,M,56855,2630,56855,3225.0,0.0,0.0,0.0,0.0,0.0
2015,"Agriculture, forestry and fishing",F,0,0,0,950.0,0.0,0.0,0.0,0.0,0.0
2015,Mining and quarrying,F,7024,21613,7024,221041.0,0.0,0.0,0.0,0.0,0.0
2015,Manufacturing,F,2297,15323,2261,52489.0,0.0,0.0,0.0,0.0,0.0
2015,"Electricity, gas, steam and air conditioning supply",F,939,20219,939,1975.0,0.0,0.0,0.0,0.0,0.0
2015,"Water supply; sewerage, waste management and remediation activities",F,790,17525,790,1975.0,0.0,0.0,0.0,0.0,0.0
2015,Construction,F,4547,17032,4514,60693.0,0.0,0.0,0.0,0.0,0.0
2015,Wholesale and retail trade; repair of motor vehicles and motorcycles,F,25734,10380,25443,51465.0,0.0,0.0,0.0,0.0,0.0
2015,Transportation and storage,F,10783,16260,10783,21657.0,0.0,0.0,0.0,0.0,0.0
2015,Accommodation and food service activities,F,13180,12476,13180,6231.0,0.0,0.0,0.0,0.0,0.0
2015,Information and communication,F,3218,19880,3159,10109.0,0.0,0.0,8.0,0.0,0.0
2015,Financial and insurance activities,F,6227,20629,6157,45320.0,187.0,0.0,22.0,0.0,0.0
2015,Real estate activities,F,975,19945,942,38762.0,0.0,0.0,0.0,0.0,0.0
2015,"Professional, scientific and technical activities",F,1877,16973,1862,9765.5,129.0,0.0,0.0,0.0,0.0
2015,Administrative and support service activities,F,4177,12244,4085,9765.5,0.0,0.0,0.0,0.0,0.0
2015,Public administration and defence; compulsory social security,F,17198,22639,17198,44294.0,84.0,0.0,7.0,0.0,0.0
2015,Education,F,34952,20199,34620,10862.0,114.0,75.0,13.0,0.0,0.0
2015,Human health and social work activities,F,15839,18263,15774,11397.0,21.0,0.0,6.0,10.0,0.0
2015,"Arts, entertainment and recreation",F,1498,22153,1498,4059.5,342.0,0.0,0.0,0.0,0.0
2015,Other service activities,F,3121,11331,3074,4059.5,0.0,0.0,0.0,0.0,0.0
2015,Activities of households as employers; undifferentiated goods- and services-producing activities of households for own use,F,105177,2909,105177,3473.0,0.0,0.0,0.0,0.0,0.0
2015,"Agriculture, forestry and fishing",M,24006,5186,23867,950.0,0.0,0.0,0.0,0.0,0.0
2015,Mining and quarrying,M,94860,24030,94658,221041.0,0.0,0.0,0.0,0.0,0.0
2015,Manufacturing,M,133150,9528,132611,52489.0,0.0,0.0,0.0,0.0,0.0
2015,"Electricity, gas, steam and air conditioning supply",M,18833,21422,18833,1975.0,0.0,0.0,0.0,0.0,0.0
2015,"Water supply; sewerage, waste management and remediation activities",M,12346,13154,12346,1975.0,0.0,0.0,0.0,0.0,0.0
2015,Construction,M,780528,5951,778682,60693.0,0.0,0.0,0.0,0.0,0.0
2015,Wholesale and retail trade; repair of motor vehicles and motorcycles,M,227552,7454,224826,51465.0,0.0,0.0,0.0,0.0,0.0
2015,Transportation and storage,M,55674,12494,54973,21657.0,0.0,0.0,0.0,0.0,0.0
2015,Accommodation and food service activities,M,37848,8691,37756,6231.0,0.0,0.0,0.0,0.0,0.0
2015,Information and communication,M,10320,22424,10320,10109.0,0.0,0.0,3.0,1.0,0.0
2015,Financial and insurance activities,M,9316,23465,9132,45320.0,82.0,0.0,14.0,0.0,0.0
2015,Real estate activities,M,11364,13982,10931,38762.0,0.0,0.0,0.0,0.0,0.0
2015,"Professional, scientific and technical activities",M,26969,10619,26642,9765.5,117.0,0.0,4.0,0.0,0.0
2015,Administrative and support service activities,M,51620,7643,51580,9765.5,0.0,0.0,0.0,0.0,0.0
2015,Public administration and defence; compulsory social security,M,83708,26144,83684,44294.0,22.0,0.0,0.0,0.0,0.0
2015,Education,M,16007,19771,15970,10862.0,25.0,47.0,10.0,0.0,0.0
2015,Human health and social work activities,M,14348,19635,14259,11397.0,0.0,0.0,2.0,2.0,0.0
2015,"Arts, entertainment and recreation",M,13061,15501,13061,4059.5,38.0,0.0,0.0,0.0,0.0
2015,Other service activities,M,10914,8499,10914,4059.5,0.0,0.0,0.0,0.0,0.0
2015,Activities of households as employers; undifferentiated goods- and services-producing activities of households for own use,M,57199,2682,57199,3473.0,0.0,0.0,0.0,0.0,0.0
2016,"Agriculture, forestry and fishing",F,0,0,0,1016.0,0.0,0.0,0.0,0.0,0.0
2016,Mining and quarrying,F,6639,21653,6639,163984.0,0.0,0.0,0.0,0.0,0.0
2016,Manufacturing,F,2193,15197,2119,46814.0,0.0,0.0,0.0,0.0,0.0
2016,"Electricity, gas, steam and air conditioning supply",F,1525,20523,1525,2989.5,0.0,0.0,0.0,0.0,0.0
2016,"Water supply; sewerage, waste management and remediation activities",F,604,17974,604,2989.5,0.0,0.0,0.0,0.0,0.0
2016,Construction,F,6432,12278,6270,77079.0,0.0,0.0,0.0,0.0,0.0
2016,Wholesale and retail trade; repair of motor vehicles and motorcycles,F,27552,9270,27328,46981.0,0.0,0.0,0.0,0.0,0.0
2016,Transportation and storage,F,10492,15167,10492,24927.0,0.0,0.0,0.0,0.0,0.0
2016,Accommodation and food service activities,F,17274,8513,17274,5620.0,0.0,0.0,0.0,0.0,0.0
2016,Information and communication,F,2460,22745,2460,9810.0,0.0,0.0,7.0,0.0,0.0
2016,Financial and insurance activities,F,5852,22568,5782,47019.0,354.0,0.0,12.0,0.0,0.0
2016,Real estate activities,F,772,18883,744,42776.0,0.0,0.0,0.0,0.0,0.0
2016,"Professional, scientific and technical activities",F,3361,12401,3333,10540.0,0.0,0.0,0.0,0.0,0.0
2016,Administrative and support service activities,F,5800,8429,5702,10540.0,0.0,0.0,0.0,0.0,0.0
2016,Public administration and defence; compulsory social security,F,15425,24210,15425,43857.0,109.0,0.0,8.0,0.0,0.0
2016,Education,F,33582,23485,33280,12089.0,205.0,127.0,26.0,0.0,0.0
2016,Human health and social work activities,F,16226,19939,16170,14009.0,25.0,0.0,12.0,6.0,0.0
2016,"Arts, entertainment and recreation",F,884,21520,884,4233.0,679.0,0.0,0.0,0.0,0.0
2016,Other service activities,F,4768,7758,4643,4233.0,0.0,0.0,0.0,0.0,0.0
2016,Activities of households as employers; undifferentiated goods- and services-producing activities of households for own use,F,107621,2989,107621,3817.0,0.0,0.0,0.0,0.0,0.0
2016,"Agriculture, forestry and fishing",M,24916,5088,24848,1016.0,0.0,0.0,0.0,0.0,0.0
2016,Mining and quarrying,M,93901,26784,93635,163984.0,0.0,0.0,0.0,0.0,0.0
2016,Manufacturing,M,141850,8419,141666,46814.0,0.0,0.0,0.0,0.0,0.0
2016,"Electricity, gas, steam and air conditioning supply",M,15844,22891,15844,2989.5,0.0,0.0,0.0,0.0,0.0
2016,"Water supply; sewerage, waste management and remediation activities",M,8578,17353,8578,2989.5,0.0,0.0,0.0,0.0,0.0
2016,Construction,M,840820,6090,839136,77079.0,0.0,0.0,0.0,0.0,0.0
2016,Wholesale and retail trade; repair of motor vehicles and motorcycles,M,227380,7644,224442,46981.0,0.0,0.0,0.0,0.0,0.0
2016,Transportation and storage,M,48627,14353,47917,24927.0,0.0,0.0,0.0,0.0,0.0
2016,Accommodation and food service activities,M,55408,5844,55325,5620.0,0.0,0.0,0.0,0.0,0.0
2016,Information and communication,M,13153,28472,13079,9810.0,0.0,0.0,3.0,0.0,0.0
2016,Financial and insurance activities,M,9886,28626,9602,47019.0,117.0,0.0,13.0,0.0,0.0
2016,Real estate activities,M,11405,15922,10839,42776.0,0.0,0.0,0.0,0.0,0.0
2016,"Professional, scientific and technical activities",M,25458,17239,25268,10540.0,0.0,0.0,0.0,0.0,0.0
2016,Administrative and support service activities,M,79049,6636,78951,10540.0,0.0,0.0,0.0,0.0,0.0
2016,Public administration and defence; compulsory social security,M,71856,29311,71800,43857.0,46.0,0.0,3.0,0.0,0.0
2016,Education,M,13471,25044,13387,12089.0,31.0,102.0,8.0,0.0,0.0
2016,Human health and social work activities,M,13733,22116,13663,14009.0,0.0,0.0,2.0,1.0,0.0
2016,"Arts, entertainment and recreation",M,5396,18915,5368,4233.0,91.0,0.0,0.0,0.0,0.0
2016,Other service activities,M,11424,11670,11318,4233.0,0.0,0.0,0.0,0.0,0.0
2016,Activities of households as employers; undifferentiated goods- and services-producing activities of households for own use,M,66121,2787,66121,3817.0,0.0,0.0,0.0,0.0,0.0
2017,"Agriculture, forestry and fishing",F,0,0,0,1259.0,0.0,0.0,0.0,0.0,0.0
2017,Mining and quarrying,F,6776,22032,6776,199405.0,0.0,0.0,0.0,0.0,0.0
2017,Manufacturing,F,2288,14920,2217,47189.0,0.0,0.0,0.0,0.0,0.0
2017,"Electricity, gas, steam and air conditioning supply",F,1522,21299,1522,3392.5,0.0,0.0,0.0,0.0,0.0
2017,"Water supply; sewerage, waste management and remediation activities",F,655,18094,655,3392.5,0.0,0.0,0.0,0.0,0.0
2017,Construction,F,6462,12491,6364,79040.0,0.0,0.0,0.0,0.0,0.0
2017,Wholesale and retail trade; repair of motor vehicles and motorcycles,F,27787,9656,27506,47434.0,0.0,0.0,0.0,0.0,0.0
2017,Transportation and storage,F,10413,15439,10413,22426.0,0.0,0.0,0.0,0.0,0.0
2017,Accommodation and food service activities,F,18220,8883,18220,5456.0,0.0,0.0,0.0,0.0,0.0
2017,Information and communication,F,3006,22438,3006,9580.0,0.0,0.0,9.0,1.0,0.0
2017,Financial and insurance activities,F,5733,23027,5677,48339.0,597.0,0.0,12.0,0.0,0.0
2017,Real estate activities,F,711,18993,669,43284.0,0.0,0.0,0.0,0.0,0.0
2017,"Professional, scientific and technical activities",F,3565,12935,3523,10698.5,0.0,0.0,0.0,0.0,0.0
2017,Administrative and support service activities,F,6922,8116,6922,10698.5,0.0,0.0,0.0,0.0,0.0
2017,Public administration and defence; compulsory social security,F,14943,24647,14943,39466.0,108.0,0.0,25.0,0.0,0.0
2017,Education,F,33993,23089,33578,12571.0,401.0,465.0,39.0,0.0,0.0
2017,Human health and social work activities,F,16362,19819,16264,14542.0,96.0,0.0,28.0,0.0,0.0
2017,"Arts, entertainment and recreation",F,1130,21604,1130,4434.5,794.0,0.0,0.0,0.0,0.0
2017,Other service activities,F,5096,7571,4967,4434.5,0.0,0.0,0.0,0.0,0.0
2017,Activities of households as employers; undifferentiated goods- and services-producing activities of households for own use,F,108942,3014,108942,4006.0,0.0,0.0,0.0,0.0,0.0
2017,"Agriculture, forestry and fishing",M,25544,5250,25431,1259.0,0.0,0.0,0.0,0.0,0.0
2017,Mining and quarrying,M,92733,26272,92533,199405.0,0.0,0.0,0.0,0.0,0.0
2017,Manufacturing,M,141938,8680,141767,47189.0,0.0,0.0,0.0,0.0,0.0
2017,"Electricity, gas, steam and air conditioning supply",M,15612,22702,15612,3392.5,0.0,0.0,0.0,0.0,0.0
2017,"Water supply; sewerage, waste management and remediation activities",M,8250,17781,8250,3392.5,0.0,0.0,0.0,0.0,0.0
2017,Construction,M,841297,6296,839755,79040.0,0.0,0.0,0.0,0.0,0.0
2017,Wholesale and retail trade; repair of motor vehicles and motorcycles,M,227325,7547,224383,47434.0,0.0,0.0,0.0,0.0,0.0
2017,Transportation and storage,M,49841,14014,49054,22426.0,0.0,0.0,0.0,0.0,0.0
2017,Accommodation and food service activities,M,55723,5659,55567,5456.0,0.0,0.0,0.0,0.0,0.0
2017,Information and communication,M,13412,30115,13398,9580.0,0.0,0.0,4.0,0.0,0.0
2017,Financial and insurance activities,M,9639,28422,9345,48339.0,216.0,0.0,14.0,0.0,0.0
2017,Real estate activities,M,10932,15517,10382,43284.0,0.0,0.0,0.0,0.0,0.0
2017,"Professional, scientific and technical activities",M,25691,18236,25537,10698.5,0.0,0.0,0.0,0.0,0.0
2017,Administrative and support service activities,M,80653,6845,80512,10698.5,0.0,0.0,0.0,0.0,0.0
2017,Public administration and defence; compulsory social security,M,66894,29164,66824,39466.0,48.0,0.0,8.0,0.0,0.0
2017,Education,M,13320,25070,13152,12571.0,54.0,241.0,16.0,0.0,0.0
2017,Human health and social work activities,M,16604,22876,16506,14542.0,0.0,0.0,3.0,0.0,0.0
2017,"Arts, entertainment and recreation",M,5038,19219,5038,4434.5,161.0,0.0,0.0,0.0,0.0
2017,Other service activities,M,11022,11705,10936,4434.5,0.0,0.0,0.0,0.0,0.0
2017,Activities of households as employers; undifferentiated goods- and services-producing activities of households for own use,M,63464,2809,63464,4006.0,0.0,0.0,0.0,0.0,0.0
2018,"Agriculture, forestry and fishing",F,0,0,0,1457.0,0.0,0.0,0.0,0.0,0.0
2018,Mining and quarrying,F,6772,22746,6772,260198.0,0.0,0.0,0.0,0.0,0.0
2018,Manufacturing,F,2288,15274,2205,54972.0,0.0,0.0,0.0,0.0,0.0
2018,"Electricity, gas, steam and air conditioning supply",F,1888,21684,1888,2590.0,0.0,0.0,0.0,0.0,0.0
2018,"Water supply; sewerage, waste management and remediation activities",F,720,17606,720,2590.0,0.0,0.0,0.0,0.0,0.0
2018,Construction,F,6939,13180,6827,82600.0,0.0,0.0,0.0,0.0,0.0
2018,Wholesale and retail trade; repair of motor vehicles and motorcycles,F,25873,9340,25539,49794.0,0.0,0.0,0.0,0.0,0.0
2018,Transportation and storage,F,10452,19217,10452,26002.0,0.0,0.0,0.0,0.0,0.0
2018,Accommodation and food service activities,F,18690,8227,18690,5409.0,0.0,0.0,0.0,0.0,0.0
2018,Information and communication,F,2788,23342,2729,9618.0,0.0,0.0,8.0,0.0,0.0
2018,Financial and insurance activities,F,5363,23639,5321,49142.0,604.0,0.0,45.0,0.0,0.0
2018,Real estate activities,F,927,21101,871,42615.0,0.0,0.0,0.0,0.0,0.0
2018,"Professional, scientific and technical activities",F,2264,13524,2208,10520.0,0.0,0.0,0.0,0.0,0.0
2018,Administrative and support service activities,F,9916,7000,9916,10520.0,0.0,0.0,0.0,0.0,0.0
2018,Public administration and defence; compulsory social security,F,14697,24571,14697,48315.0,142.0,0.0,21.0,0.0,1.0
2018,Education,F,34361,23653,34125,11496.0,427.0,20.0,37.0,0.0,519.0
2018,Human health and social work activities,F,21258,20233,21160,11699.0,110.0,0.0,37.0,0.0,0.0
2018,"Arts, entertainment and recreation",F,940,21880,940,4135.5,901.0,0.0,0.0,0.0,0.0
2018,Other service activities,F,7844,7315,7707,4135.5,0.0,0.0,0.0,0.0,0.0
2018,Activities of households as employers; undifferentiated goods- and services-producing activities of households for own use,F,109127,3090,109127,4172.0,0.0,0.0,0.0,0.0,0.0
2018,"Agriculture, forestry and fishing",M,27907,5195,27780,1457.0,0.0,0.0,0.0,0.0,0.0
2018,Mining and quarrying,M,92220,26300,92026,260198.0,0.0,0.0,0.0,0.0,0.0
2018,Manufacturing,M,149588,9116,149381,54972.0,0.0,0.0,0.0,0.0,0.0
2018,"Electricity, gas, steam and air conditioning supply",M,15524,23506,15524,2590.0,0.0,0.0,0.0,0.0,0.0
2018,"Water supply; sewerage, waste management and remediation activities",M,6674,17791,6674,2590.0,0.0,0.0,0.0,0.0,0.0
2018,Construction,M,874010,6322,872472,82600.0,0.0,0.0,0.0,0.0,0.0
2018,Wholesale and retail trade; repair of motor vehicles and motorcycles,M,226040,7842,223053,49794.0,0.0,0.0,0.0,0.0,0.0
2018,Transportation and storage,M,54346,14526,53539,26002.0,0.0,0.0,0.0,0.0,0.0
2018,Accommodation and food service activities,M,56059,6139,55838,5409.0,0.0,0.0,0.0,0.0,0.0
2018,Information and communication,M,13119,30696,13064,9618.0,0.0,0.0,8.0,1.0,0.0
2018,Financial and insurance activities,M,9656,28533,9348,49142.0,251.0,0.0,16.0,0.0,0.0
2018,Real estate activities,M,10331,17136,9762,42615.0,0.0,0.0,0.0,0.0,0.0
2018,"Professional, scientific and technical activities",M,16051,19687,15815,10520.0,0.0,0.0,0.0,0.0,0.0
2018,Administrative and support service activities,M,80959,6735,80806,10520.0,0.0,0.0,0.0,0.0,0.0
2018,Public administration and defence; compulsory social security,M,63356,29430,63314,48315.0,51.0,0.0,15.0,0.0,20.0
2018,Education,M,13355,25650,13201,11496.0,56.0,9.0,18.0,0.0,226.0
2018,Human health and social work activities,M,17443,22877,17359,11699.0,0.0,0.0,8.0,0.0,0.0
2018,"Arts, entertainment and recreation",M,5158,20329,5158,4135.5,162.0,0.0,0.0,0.0,0.0
2018,Other service activities,M,10082,11488,10000,4135.5,0.0,0.0,0.0,0.0,0.0
2018,Activities of households as employers; undifferentiated goods- and services-producing activities of households for own use,M,64173,2935,64173,4172.0,0.0,0.0,0.0,0.0,0.0
2019,"Agriculture, forestry and fishing",F,0,0,0,1669.0,0.0,0.0,0.0,0.0,0.0
2019,Mining and quarrying,F,6754,23180,6754,229322.0,0.0,0.0,0.0,0.0,0.0
2019,Manufacturing,F,2253,16030,2164,53501.0,0.0,0.0,0.0,0.0,0.0
2019,"Electricity, gas, steam and air conditioning supply",F,2717,21777,2717,2947.0,0.0,0.0,0.0,0.0,0.0
2019,"Water supply; sewerage, waste management and remediation activities",F,1059,17914,1059,2947.0,0.0,0.0,0.0,0.0,0.0
2019,Construction,F,5578,13065,5370,78275.0,0.0,0.0,0.0,0.0,0.0
2019,Wholesale and retail trade; repair of motor vehicles and motorcycles,F,25008,8919,24709,50064.0,0.0,0.0,0.0,0.0,0.0
2019,Transportation and storage,F,10227,18917,10183,27270.0,0.0,0.0,0.0,0.0,0.0
2019,Accommodation and food service activities,F,18046,8145,18046,5567.0,0.0,0.0,0.0,0.0,0.0
2019,Information and communication,F,3067,23504,3067,9531.0,0.0,0.0,5.0,0.0,0.0
2019,Financial and insurance activities,F,5042,23769,4997,52015.0,620.0,0.0,17.0,0.0,0.0
2019,Real estate activities,F,1094,21103,1034,41422.0,0.0,0.0,0.0,0.0,0.0
2019,"Professional, scientific and technical activities",F,2303,14987,2273,10491.0,0.0,0.0,0.0,0.0,0.0
2019,Administrative and support service activities,F,9969,7243,9969,10491.0,0.0,0.0,0.0,0.0,0.0
2019,Public administration and defence; compulsory social security,F,14893,25230,14893,52675.0,169.0,0.0,27.0,0.0,1.0
2019,Education,F,34638,23937,34371,11946.0,411.0,26.0,35.0,0.0,418.0
2019,Human health and social work activities,F,21751,20591,21633,13809.0,120.0,0.0,17.0,0.0,0.0
2019,"Arts, entertainment and recreation",F,967,22158,967,4303.0,800.0,0.0,0.0,0.0,0.0
2019,Other service activities,F,7426,7470,7352,4303.0,0.0,0.0,0.0,0.0,0.0
2019,Activities of households as employers; undifferentiated goods- and services-producing activities of households for own use,F,110693,3170,110693,4348.0,0.0,0.0,0.0,0.0,0.0
2019,"Agriculture, forestry and fishing",M,32255,5002,32091,1669.0,0.0,0.0,0.0,0.0,0.0
2019,Mining and quarrying,M,78905,24986,78758,229322.0,0.0,0.0,0.0,0.0,0.0
2019,Manufacturing,M,152968,9594,152731,53501.0,0.0,0.0,0.0,0.0,0.0
2019,"Electricity, gas, steam and air conditioning supply",M,15901,23922,15901,2947.0,0.0,0.0,0.0,0.0,0.0
2019,"Water supply; sewerage, waste management and remediation activities",M,7030,17843,7030,2947.0,0.0,0.0,0.0,0.0,0.0
2019,Construction,M,876956,6531,875455,78275.0,0.0,0.0,0.0,0.0,0.0
2019,Wholesale and retail trade; repair of motor vehicles and motorcycles,M,226295,7743,223423,50064.0,0.0,0.0,0.0,0.0,0.0
2019,Transportation and storage,M,65920,14575,65060,27270.0,0.0,0.0,0.0,0.0,0.0
2019,Accommodation and food service activities,M,53649,5858,53383,5567.0,0.0,0.0,0.0,0.0,0.0
2019,Information and communication,M,12187,30845,12143,9531.0,0.0,0.0,2.0,0.0,0.0
2019,Financial and insurance activities,M,8800,29439,8486,52015.0,213.0,0.0,11.0,0.0,0.0
2019,Real estate activities,M,10086,17042,9549,41422.0,0.0,0.0,0.0,0.0,0.0
2019,"Professional, scientific and technical activities",M,16674,22294,16422,10491.0,0.0,0.0,0.0,0.0,0.0
2019,Administrative and support service activities,M,77874,6590,77679,10491.0,0.0,0.0,0.0,0.0,0.0
2019,Public administration and defence; compulsory social security,M,62392,30321,62332,52675.0,56.0,0.0,8.0,0.0,11.0
2019,Education,M,18188,25868,18008,11946.0,39.0,7.0,20.0,0.0,241.0
2019,Human health and social work activities,M,21438,23273,21168,13809.0,0.0,0.0,16.0,0.0,0.0
2019,"Arts, entertainment and recreation",M,4464,20652,4419,4303.0,149.0,0.0,0.0,0.0,0.0
2019,Other service activities,M,11452,11607,11320,4303.0,0.0,0.0,0.0,0.0,0.0
2019,Activities of households as employers; undifferentiated goods- and services-producing activities of households for own use,M,66263,3070,66263,4348.0,0.0,0.0,0.0,0.0,0.0
2020,"Agriculture, forestry and fishing",F,0,0,0,1781.0,0.0,0.0,0.0,0.0,0.0
2020,Mining and quarrying,F,3653,21918,3653,152343.0,0.0,0.0,0.0,0.0,0.0
2020,Manufacturing,F,1598,13520,1582,41586.0,0.0,0.0,0.0,0.0,0.0
2020,"Electricity, gas, steam and air conditioning supply",F,1764,23167,1764,3026.5,0.0,0.0,0.0,0.0,0.0
2020,"Water supply; sewerage, waste management and remediation activities",F,332,17292,332,3026.5,0.0,0.0,0.0,0.0,0.0
2020,Construction,F,2930,15342,2930,75112.0,0.0,0.0,0.0,0.0,0.0
2020,Wholesale and retail trade; repair of motor vehicles and motorcycles,F,22701,8919,22481,44069.0,0.0,0.0,0.0,0.0,0.0
2020,Transportation and storage,F,8493,18373,8449,21403.0,0.0,0.0,0.0,0.0,0.0
2020,Accommodation and food service activities,F,15477,7141,15477,4739.0,0.0,0.0,0.0,0.0,0.0
2020,Information and communication,F,3747,23623,3731,9566.0,0.0,0.0,7.0,0.0,0.0
2020,Financial and insurance activities,F,5593,24106,5577,53490.0,582.0,0.0,49.0,0.0,0.0
2020,Real estate activities,F,1278,21604,1218,39585.0,0.0,0.0,0.0,0.0,0.0
2020,"Professional, scientific and technical activities",F,3581,14707,3533,9631.0,0.0,0.0,0.0,0.0,0.0
2020,Administrative and support service activities,F,33351,4421,33307,9631.0,0.0,0.0,0.0,0.0,0.0
2020,Public administration and defence; compulsory social security,F,20047,24963,20003,48255.0,177.0,0.0,17.0,1.0,0.0
2020,Education,F,34990,23790,34974,11559.0,385.0,35.0,37.0,0.0,433.0
2020,Human health and social work activities,F,26875,20537,26843,13771.0,112.0,0.0,36.0,0.0,0.0
2020,"Arts, entertainment and recreation",F,1525,22107,1525,3762.5,792.0,0.0,0.0,0.0,0.0
2020,Other service activities,F,6316,9006,6300,3762.5,0.0,0.0,0.0,0.0,0.0
2020,Activities of households as employers; undifferentiated goods- and services-producing activities of households for own use,F,97068,3015,97068,4028.0,0.0,0.0,0.0,0.0,0.0
2020,"Agriculture, forestry and fishing",M,27964,4766,27904,1781.0,0.0,0.0,0.0,0.0,0.0
2020,Mining and quarrying,M,31868,34363,31720,152343.0,0.0,0.0,0.0,0.0,0.0
2020,Manufacturing,M,99957,9762,99415,41586.0,0.0,0.0,0.0,0.0,0.0
2020,"Electricity, gas, steam and air conditioning supply",M,10522,24726,10522,3026.5,0.0,0.0,0.0,0.0,0.0
2020,"Water supply; sewerage, waste management and remediation activities",M,849,19143,849,3026.5,0.0,0.0,0.0,0.0,0.0
2020,Construction,M,749682,5817,747905,75112.0,0.0,0.0,0.0,0.0,0.0
2020,Wholesale and retail trade; repair of motor vehicles and motorcycles,M,221487,7527,218995,44069.0,0.0,0.0,0.0,0.0,0.0
2020,Transportation and storage,M,127764,12015,127616,21403.0,0.0,0.0,0.0,0.0,0.0
2020,Accommodation and food service activities,M,72114,6496,71990,4739.0,0.0,0.0,0.0,0.0,0.0
2020,Information and communication,M,17787,30423,17646,9566.0,0.0,0.0,3.0,0.0,0.0
2020,Financial and insurance activities,M,16443,27287,16223,53490.0,229.0,0.0,16.0,0.0,0.0
2020,Real estate activities,M,18243,17003,17455,39585.0,0.0,0.0,0.0,0.0,0.0
2020,"Professional, scientific and technical activities",M,44098,19163,43614,9631.0,0.0,0.0,0.0,0.0,0.0
2020,Administrative and support service activities,M,150947,6539,150795,9631.0,0.0,0.0,0.0,0.0,0.0
2020,Public administration and defence; compulsory social security,M,90636,30302,90540,48255.0,75.0,0.0,9.0,0.0,19.0
2020,Education,M,19453,25975,19169,11559.0,27.0,7.0,20.0,0.0,219.0
2020,Human health and social work activities,M,48569,22916,48268,13771.0,0.0,0.0,4.0,0.0,0.0
2020,"Arts, entertainment and recreation",M,8955,20027,8895,3762.5,163.0,0.0,0.0,0.0,0.0
2020,Other service activities,M,5823,10121,5807,3762.5,0.0,0.0,0.0,0.0,0.0
2020,Activities of households as employers; undifferentiated goods- and services-producing activities of households for own use,M,66542,3005,66542,4028.0,0.0,0.0,0.0,0.0,0.0
2021,"Agriculture, forestry and fishing",F,0,0,0,1951.0,0.0,0.0,0.0,0.0,0.0
2021,Mining and quarrying,F,3850,21322,3850,240752.0,0.0,0.0,0.0,0.0,0.0
2021,Manufacturing,F,1493,15350,1452,57323.0,0.0,0.0,0.0,0.0,0.0
2021,"Electricity, gas, steam and air conditioning supply",F,2171,23052,2171,3258.5,0.0,0.0,0.0,0.0,0.0
2021,"Water supply; sewerage, waste management and remediation activities",F,247,18375,247,3258.5,0.0,0.0,0.0,0.0,0.0
2021,Construction,F,3751,14752,3751,87839.0,0.0,0.0,0.0,0.0,0.0
2021,Wholesale and retail trade; repair of motor vehicles and motorcycles,F,27886,10370,27663,47671.0,0.0,0.0,0.0,0.0,0.0
2021,Transportation and storage,F,9827,18480,9827,26573.0,0.0,0.0,0.0,0.0,5.0
2021,Accommodation and food service activities,F,22036,6028,22004,5922.0,0.0,0.0,0.0,0.0,0.0
2021,Information and communication,F,3851,22951,3851,10288.0,17.0,0.0,3.0,0.0,0.0
2021,Financial and insurance activities,F,5777,24960,5777,62873.0,437.0,0.0,8.0,0.0,0.0
2021,Real estate activities,F,1334,19884,1293,38163.0,0.0,0.0,0.0,0.0,0.0
2021,"Professional, scientific and technical activities",F,3402,14674,3354,10239.5,0.0,0.0,0.0,0.0,0.0
2021,Administrative and support service activities,F,34185,5328,34126,10239.5,0.0,0.0,0.0,0.0,0.0
2021,Public administration and defence; compulsory social security,F,22953,26327,22871,44945.0,292.0,0.0,26.0,0.0,0.0
2021,Education,F,30974,22962,30933,11243.0,325.0,22.0,20.0,0.0,458.0
2021,Human health and social work activities,F,28348,20372,28315,13310.0,33.0,0.0,5.0,0.0,0.0
2021,"Arts, entertainment and recreation",F,1787,21734,1787,3760.5,819.0,0.0,0.0,0.0,0.0
2021,Other service activities,F,5757,7816,5741,3760.5,0.0,0.0,0.0,0.0,0.0
2021,Activities of households as employers; undifferentiated goods- and services-producing activities of households for own use,F,96373,3037,96373,3900.0,0.0,0.0,0.0,0.0,0.0
2021,"Agriculture, forestry and fishing",M,26719,4238,26657,1951.0,0.0,0.0,0.0,0.0,0.0
2021,Mining and quarrying,M,29834,34064,29748,240752.0,0.0,0.0,0.0,0.0,0.0
2021,Manufacturing,M,104771,9779,104160,57323.0,0.0,0.0,0.0,0.0,0.0
2021,"Electricity, gas, steam and air conditioning supply",M,11213,25272,11213,3258.5,0.0,0.0,0.0,0.0,0.0
2021,"Water supply; sewerage, waste management and remediation activities",M,1320,26547,1320,3258.5,0.0,0.0,0.0,0.0,0.0
2021,Construction,M,664290,5735,662300,87839.0,0.0,0.0,0.0,0.0,0.0
2021,Wholesale and retail trade; repair of motor vehicles and motorcycles,M,217767,8899,215328,47671.0,0.0,0.0,0.0,0.0,0.0
2021,Transportation and storage,M,126090,11414,125978,26573.0,0.0,0.0,0.0,0.0,27.0
2021,Accommodation and food service activities,M,53115,6245,53031,5922.0,0.0,0.0,0.0,0.0,0.0
2021,Information and communication,M,17039,30222,16939,10288.0,5.0,0.0,0.0,0.0,0.0
2021,Financial and insurance activities,M,15898,30244,15825,62873.0,134.0,0.0,2.0,0.0,0.0
2021,Real estate activities,M,14778,14897,14249,38163.0,0.0,0.0,0.0,0.0,0.0
2021,"Professional, scientific and technical activities",M,45602,15363,45265,10239.5,0.0,0.0,0.0,0.0,0.0
2021,Administrative and support service activities,M,144848,4460,144639,10239.5,0.0,0.0,0.0,0.0,0.0
2021,Public administration and defence; compulsory social security,M,88245,30698,88195,44945.0,161.0,0.0,41.0,0.0,0.0
2021,Education,M,26434,22142,26178,11243.0,11.0,0.0,6.0,0.0,337.0
2021,Human health and social work activities,M,47437,22674,47178,13310.0,4.0,0.0,0.0,0.0,0.0
2021,"Arts, entertainment and recreation",M,3714,25759,3656,3760.5,117.0,0.0,0.0,0.0,0.0
2021,Other service activities,M,4958,9542,4945,3760.5,0.0,0.0,0.0,0.0,0.0
2021,Activities of households as employers; undifferentiated goods- and services-producing activities of households for own use,M,64413,3050,64413,3900.0,0.0,0.0,0.0,0.0,0.0
2022,"Agriculture, forestry and fishing",F,0,0,0,2201.0,0.0,0.0,0.0,0.0,0.0
2022,Mining and quarrying,F,4210,21819,4210,380261.0,0.0,0.0,0.0,0.0,0.0
2022,Manufacturing,F,2254,16562,2254,79667.0,0.0,0.0,0.0,0.0,0.0
2022,"Electricity, gas, steam and air conditioning supply",F,2718,22914,2718,3402.5,0.0,0.0,0.0,0.0,0.0
2022,"Water supply; sewerage, waste management and remediation activities",F,313,18331,313,3402.5,0.0,0.0,0.0,0.0,0.0
2022,Construction,F,7122,14304,7052,93949.0,0.0,0.0,0.0,0.0,0.0
2022,Wholesale and retail trade; repair of motor vehicles and motorcycles,F,25773,9860,25711,54617.0,0.0,0.0,0.0,0.0,0.0
2022,Transportation and storage,F,15540,18576,15540,36608.0,53.0,0.0,0.0,0.0,6.0
2022,Accommodation and food service activities,F,22791,7372,22728,7135.0,0.0,0.0,0.0,0.0,0.0
2022,Information and communication,F,5253,23930,5253,11438.0,23.0,0.0,2.0,6.0,0.0
2022,Financial and insurance activities,F,7106,28036,7090,70382.0,757.0,0.0,20.0,0.0,0.0
2022,Real estate activities,F,2024,22167,2024,44020.0,0.0,0.0,0.0,0.0,0.0
2022,"Professional, scientific and technical activities",F,6159,14651,5912,11658.5,0.0,0.0,0.0,0.0,0.0
2022,Administrative and support service activities,F,29552,9699,29436,11658.5,0.0,0.0,0.0,0.0,0.0
2022,Public administration and defence; compulsory social security,F,23516,27916,23516,45589.0,372.0,0.0,25.0,1.0,0.0
2022,Education,F,41777,23999,41761,11467.0,530.0,20.0,52.0,0.0,536.0
2022,Human health and social work activities,F,44923,19296,44892,13391.0,192.0,0.0,36.0,1.0,0.0
2022,"Arts, entertainment and recreation",F,3477,21579,3402,3848.0,999.0,0.0,0.0,0.0,0.0
2022,Other service activities,F,4229,7292,4213,3848.0,0.0,0.0,0.0,0.0,0.0
2022,Activities of households as employers; undifferentiated goods- and services-producing activities of households for own use,F,101876,3055,101876,5019.0,0.0,0.0,0.0,0.0,0.0
2022,"Agriculture, forestry and fishing",M,36956,4336,36834,2201.0,0.0,0.0,0.0,0.0,0.0
2022,Mining and quarrying,M,29945,34356,29945,380261.0,0.0,0.0,0.0,0.0,0.0
2022,Manufacturing,M,105557,9674,105123,79667.0,0.0,0.0,0.0,0.0,0.0
2022,"Electricity, gas, steam and air conditioning supply",M,11816,25976,11816,3402.5,0.0,0.0,0.0,0.0,0.0
2022,"Water supply; sewerage, waste management and remediation activities",M,4233,25864,4233,3402.5,0.0,0.0,0.0,0.0,0.0
2022,Construction,M,662652,5800,660791,93949.0,0.0,0.0,0.0,0.0,0.0
2022,Wholesale and retail trade; repair of motor vehicles and motorcycles,M,222744,8046,220224,54617.0,0.0,0.0,0.0,0.0,0.0
2022,Transportation and storage,M,126481,11034,126321,36608.0,33.0,0.0,0.0,0.0,47.0
2022,Accommodation and food service activities,M,67171,6797,66946,7135.0,0.0,0.0,0.0,0.0,0.0
2022,Information and communication,M,19279,30545,19263,11438.0,23.0,0.0,8.0,0.0,0.0
2022,Financial and insurance activities,M,18995,30241,18917,70382.0,233.0,0.0,12.0,0.0,0.0
2022,Real estate activities,M,18954,14498,18352,44020.0,0.0,0.0,0.0,0.0,0.0
2022,"Professional, scientific and technical activities",M,26837,16353,26530,11658.5,0.0,0.0,0.0,0.0,0.0
2022,Administrative and support service activities,M,161223,4923,160951,11658.5,0.0,0.0,0.0,0.0,0.0
2022,Public administration and defence; compulsory social security,M,88887,31540,88755,45589.0,139.0,0.0,30.0,0.0,15.0
2022,Education,M,32326,23987,32047,11467.0,41.0,25.0,8.0,1.0,383.0
2022,Human health and social work activities,M,52796,22390,52528,13391.0,17.0,0.0,1.0,0.0,0.0
2022,"Arts, entertainment and recreation",M,9517,25338,9427,3848.0,150.0,0.0,0.0,0.0,0.0
2022,Other service activities,M,9431,11934,9403,3848.0,0.0,0.0,0.0,0.0,0.0
2022,Activities of households as employers; undifferentiated goods- and services-producing activities of households for own use,M,66750,3079,66750,5019.0,0.0,0.0,0.0,0.0,0.0
2023,"Agriculture, forestry and fishing",F,0,0,0,2270.0,0.0,0.0,0.0,0.0,0.0
2023,Mining and quarrying,F,4373,22086,4373,304505.0,0.0,0.0,0.0,0.0,0.0
2023,Manufacturing,F,2787,16076,2753,67180.0,0.0,0.0,0.0,0.0,0.0
2023,"Electricity, gas, steam and air conditioning supply",F,3196,22913,3196,3669.5,0.0,0.0,0.0,0.0,0.0
2023,"Water supply; sewerage, waste management and remediation activities",F,297,19385,297,3669.5,0.0,0.0,0.0,0.0,0.0
2023,Construction,F,8561,14410,8489,89028.0,0.0,0.0,0.0,0.0,0.0
2023,Wholesale and retail trade; repair of motor vehicles and motorcycles,F,27759,9601,27679,56222.0,0.0,0.0,0.0,0.0,0.0
2023,Transportation and storage,F,21563,18504,21532,36859.0,27.0,0.0,0.0,0.0,8.0
2023,Accommodation and food service activities,F,22372,7701,22262,6915.0,0.0,0.0,0.0,0.0,0.0
2023,Information and communication,F,6470,23592,6470,10960.0,39.0,0.0,7.0,1.0,0.0
2023,Financial and insurance activities,F,10187,28201,10115,82943.0,811.0,0.0,20.0,0.0,0.0
2023,Real estate activities,F,2902,22206,2902,47344.0,0.0,0.0,0.0,0.0,0.0
2023,"Professional, scientific and technical activities",F,5530,14898,5288,12015.5,0.0,0.0,0.0,0.0,0.0
2023,Administrative and support service activities,F,33178,9741,33147,12015.5,0.0,0.0,0.0,0.0,0.0
2023,Public administration and defence; compulsory social security,F,24287,28019,24287,47751.0,366.0,0.0,28.0,2.0,0.0
2023,Education,F,45523,24391,45460,12082.0,552.0,20.0,50.0,1.0,448.0
2023,Human health and social work activities,F,49966,19114,49935,13929.0,264.0,0.0,35.0,2.0,0.0
2023,"Arts, entertainment and recreation",F,4204,21441,4204,3996.5,1012.0,0.0,0.0,0.0,0.0
2023,Other service activities,F,3947,8217,3911,3996.5,0.0,0.0,0.0,0.0,0.0
2023,Activities of households as employers; undifferentiated goods- and services-producing activities of households for own use,F,101069,3051,101069,4046.0,0.0,0.0,0.0,0.0,0.0
2023,"Agriculture, forestry and fishing",M,37316,4120,37184,2270.0,0.0,0.0,0.0,0.0,0.0
2023,Mining and quarrying,M,30347,34350,30347,304505.0,0.0,0.0,0.0,0.0,0.0
2023,Manufacturing,M,104851,9732,104622,67180.0,0.0,0.0,0.0,0.0,0.0
2023,"Electricity, gas, steam and air conditioning supply",M,13987,25954,13987,3669.5,0.0,0.0,0.0,0.0,0.0
2023,"Water supply; sewerage, waste management and remediation activities",M,6557,25494,6557,3669.5,0.0,0.0,0.0,0.0,0.0
2023,Construction,M,662082,5870,659811,89028.0,0.0,0.0,0.0,0.0,0.0
2023,Wholesale and retail trade; repair of motor vehicles and motorcycles,M,226814,7965,224180,56222.0,0.0,0.0,0.0,0.0,0.0
2023,Transportation and storage,M,128398,11085,128160,36859.0,41.0,0.0,0.0,0.0,64.0
2023,Accommodation and food service activities,M,73266,6845,73128,6915.0,0.0,0.0,0.0,0.0,0.0
2023,Information and communication,M,19676,30151,19495,10960.0,45.0,0.0,3.0,0.0,0.0
2023,Financial and insurance activities,M,18834,30052,18741,82943.0,259.0,0.0,5.0,0.0,0.0
2023,Real estate activities,M,18733,13776,18251,47344.0,0.0,0.0,0.0,0.0,0.0
2023,"Professional, scientific and technical activities",M,27332,16216,26906,12015.5,0.0,0.0,0.0,0.0,0.0
2023,Administrative and support service activities,M,163897,4701,163682,12015.5,0.0,0.0,0.0,0.0,0.0
2023,Public administration and defence; compulsory social security,M,88928,32849,88881,47751.0,143.0,0.0,12.0,3.0,11.0
2023,Education,M,31492,25789,31029,12082.0,44.0,17.0,8.0,4.0,343.0
2023,Human health and social work activities,M,54924,22968,54571,13929.0,41.0,0.0,7.0,1.0,0.0
2023,"Arts, entertainment and recreation",M,9750,24522,9583,3996.5,130.0,0.0,0.0,0.0,0.0
2023,Other service activities,M,11005,11479,11005,3996.5,0.0,0.0,0.0,0.0,0.0
2023,Activities of households as employers; undifferentiated goods- and services-producing activities of households for own use,M,66195,3115,66195,4046.0,0.0,0.0,0.0,0.0,0.0
